case_id,event_id,task_family_id,split,proposed_decision,proposed_follow_up,reviewer_1,reviewer_1_decision,reviewer_1_follow_up,reviewer_2,reviewer_2_decision,reviewer_2_follow_up,adjudicator,adjudicated_decision,adjudicated_follow_up,source_pair_verified,trigger_verified,execution_verified,semantic_equivalence_verified,review_status,notes
ON2_S_001,E1,SF01,heldout_candidate,INTERRUPT,HANDLE,,,,,,,,,,,,,,pending,
ON2_S_002,E1,SF01,heldout_candidate,IGNORE,,,,,,,,,,,,,,,pending,
ON2_S_003,E1,SF01,heldout_candidate,DEFER,,,,,,,,,,,,,,,pending,
ON2_S_004,E1,SF01,heldout_candidate,INTERRUPT,REPLAN,,,,,,,,,,,,,,pending,
ON2_S_005,E1,SF01,heldout_candidate,IGNORE,,,,,,,,,,,,,,,pending,
ON2_S_006,E1,SF02,development,INTERRUPT,HANDLE,,,,,,,,,,,,,,pending,
ON2_S_007,E1,SF02,development,IGNORE,,,,,,,,,,,,,,,pending,
ON2_S_008,E1,SF02,development,DEFER,,,,,,,,,,,,,,,pending,
ON2_S_009,E1,SF02,development,INTERRUPT,TERMINATE,,,,,,,,,,,,,,pending,
ON2_S_010,E1,SF02,development,IGNORE,,,,,,,,,,,,,,,pending,
ON2_S_011,E1,SF03,heldout_candidate,INTERRUPT,HANDLE,,,,,,,,,,,,,,pending,
ON2_S_012,E1,SF03,heldout_candidate,IGNORE,,,,,,,,,,,,,,,pending,
ON2_S_013,E1,SF03,heldout_candidate,DEFER,,,,,,,,,,,,,,,pending,
ON2_S_014,E1,SF03,heldout_candidate,INTERRUPT,REPLAN,,,,,,,,,,,,,,pending,
ON2_S_015,E1,SF03,heldout_candidate,IGNORE,,,,,,,,,,,,,,,pending,
ON2_S_016,E1,SF04,development,INTERRUPT,HANDLE,,,,,,,,,,,,,,pending,
ON2_S_017,E1,SF04,development,IGNORE,,,,,,,,,,,,,,,pending,
ON2_S_018,E1,SF04,development,DEFER,,,,,,,,,,,,,,,pending,
ON2_S_019,E1,SF04,development,INTERRUPT,TERMINATE,,,,,,,,,,,,,,pending,
ON2_S_020,E1,SF04,development,IGNORE,,,,,,,,,,,,,,,pending,
ON2_S_021,E1,SF05,heldout_candidate,INTERRUPT,HANDLE,,,,,,,,,,,,,,pending,
ON2_S_022,E1,SF05,heldout_candidate,IGNORE,,,,,,,,,,,,,,,pending,
ON2_S_023,E1,SF05,heldout_candidate,DEFER,,,,,,,,,,,,,,,pending,
ON2_S_024,E1,SF05,heldout_candidate,INTERRUPT,REPLAN,,,,,,,,,,,,,,pending,
ON2_S_025,E1,SF05,heldout_candidate,IGNORE,,,,,,,,,,,,,,,pending,
ON2_S_026,E1,SF06,development,INTERRUPT,HANDLE,,,,,,,,,,,,,,pending,
ON2_S_027,E1,SF06,development,IGNORE,,,,,,,,,,,,,,,pending,
ON2_S_028,E1,SF06,development,DEFER,,,,,,,,,,,,,,,pending,
ON2_S_029,E1,SF06,development,INTERRUPT,TERMINATE,,,,,,,,,,,,,,pending,
ON2_S_030,E1,SF06,development,IGNORE,,,,,,,,,,,,,,,pending,
ON2_S_031,E1,SF06,development,INTERRUPT,HANDLE,,,,,,,,,,,,,,pending,
ON2_S_032,E1,SF06,development,IGNORE,,,,,,,,,,,,,,,pending,
ON2_S_033,E1,SF06,development,DEFER,,,,,,,,,,,,,,,pending,
ON2_S_034,E1,SF06,development,INTERRUPT,REPLAN,,,,,,,,,,,,,,pending,
ON2_S_035,E1,SF06,development,IGNORE,,,,,,,,,,,,,,,pending,
ON2_S_036,E1,SF07,heldout_candidate,INTERRUPT,HANDLE,,,,,,,,,,,,,,pending,
ON2_S_037,E1,SF07,heldout_candidate,IGNORE,,,,,,,,,,,,,,,pending,
ON2_S_038,E1,SF07,heldout_candidate,DEFER,,,,,,,,,,,,,,,pending,
ON2_S_039,E1,SF07,heldout_candidate,INTERRUPT,TERMINATE,,,,,,,,,,,,,,pending,
ON2_S_040,E1,SF07,heldout_candidate,IGNORE,,,,,,,,,,,,,,,pending,
ON2_S_041,E1,SF06,development,INTERRUPT,HANDLE,,,,,,,,,,,,,,pending,
ON2_S_042,E1,SF06,development,IGNORE,,,,,,,,,,,,,,,pending,
ON2_S_043,E1,SF06,development,DEFER,,,,,,,,,,,,,,,pending,
ON2_S_044,E1,SF06,development,INTERRUPT,REPLAN,,,,,,,,,,,,,,pending,
ON2_S_045,E1,SF06,development,IGNORE,,,,,,,,,,,,,,,pending,
ON2_S_046,E1,SF07,heldout_candidate,INTERRUPT,HANDLE,,,,,,,,,,,,,,pending,
ON2_S_047,E1,SF07,heldout_candidate,IGNORE,,,,,,,,,,,,,,,pending,
ON2_S_048,E1,SF07,heldout_candidate,DEFER,,,,,,,,,,,,,,,pending,
ON2_S_049,E1,SF07,heldout_candidate,INTERRUPT,TERMINATE,,,,,,,,,,,,,,pending,
ON2_S_050,E1,SF07,heldout_candidate,IGNORE,,,,,,,,,,,,,,,pending,
ON2_S_051,E1,SF08,development,INTERRUPT,HANDLE,,,,,,,,,,,,,,pending,
ON2_S_052,E1,SF08,development,IGNORE,,,,,,,,,,,,,,,pending,
ON2_S_053,E1,SF08,development,DEFER,,,,,,,,,,,,,,,pending,
ON2_S_054,E1,SF08,development,INTERRUPT,REPLAN,,,,,,,,,,,,,,pending,
ON2_S_055,E1,SF08,development,DEFER,,,,,,,,,,,,,,,pending,
ON2_S_056,E1,SF09,development,INTERRUPT,HANDLE,,,,,,,,,,,,,,pending,
ON2_S_057,E1,SF09,development,IGNORE,,,,,,,,,,,,,,,pending,
ON2_S_058,E1,SF09,development,DEFER,,,,,,,,,,,,,,,pending,
ON2_S_059,E1,SF09,development,INTERRUPT,TERMINATE,,,,,,,,,,,,,,pending,
ON2_S_060,E1,SF09,development,DEFER,,,,,,,,,,,,,,,pending,
ON2_S_061,E1,SF10,development,INTERRUPT,HANDLE,,,,,,,,,,,,,,pending,
ON2_S_062,E1,SF10,development,IGNORE,,,,,,,,,,,,,,,pending,
ON2_S_063,E1,SF10,development,DEFER,,,,,,,,,,,,,,,pending,
ON2_S_064,E1,SF10,development,INTERRUPT,REPLAN,,,,,,,,,,,,,,pending,
ON2_S_065,E1,SF10,development,DEFER,,,,,,,,,,,,,,,pending,
ON2_S_066,E1,SF05,heldout_candidate,INTERRUPT,HANDLE,,,,,,,,,,,,,,pending,
ON2_S_067,E1,SF05,heldout_candidate,IGNORE,,,,,,,,,,,,,,,pending,
ON2_S_068,E1,SF05,heldout_candidate,DEFER,,,,,,,,,,,,,,,pending,
ON2_S_069,E1,SF05,heldout_candidate,INTERRUPT,TERMINATE,,,,,,,,,,,,,,pending,
ON2_S_070,E1,SF05,heldout_candidate,DEFER,,,,,,,,,,,,,,,pending,
ON2_S_071,E1,SF11,development,INTERRUPT,HANDLE,,,,,,,,,,,,,,pending,
ON2_S_072,E1,SF11,development,IGNORE,,,,,,,,,,,,,,,pending,
ON2_S_073,E1,SF11,development,DEFER,,,,,,,,,,,,,,,pending,
ON2_S_074,E1,SF11,development,INTERRUPT,REPLAN,,,,,,,,,,,,,,pending,
ON2_S_075,E1,SF11,development,DEFER,,,,,,,,,,,,,,,pending,
ON2_S_076,E1,SF12,heldout_candidate,INTERRUPT,HANDLE,,,,,,,,,,,,,,pending,
ON2_S_077,E1,SF12,heldout_candidate,IGNORE,,,,,,,,,,,,,,,pending,
ON2_S_078,E1,SF12,heldout_candidate,DEFER,,,,,,,,,,,,,,,pending,
ON2_S_079,E1,SF12,heldout_candidate,INTERRUPT,TERMINATE,,,,,,,,,,,,,,pending,
ON2_S_080,E1,SF12,heldout_candidate,DEFER,,,,,,,,,,,,,,,pending,
ON2_S_081,E1,SF13,heldout_candidate,INTERRUPT,HANDLE,,,,,,,,,,,,,,pending,
ON2_S_082,E1,SF13,heldout_candidate,IGNORE,,,,,,,,,,,,,,,pending,
ON2_S_083,E1,SF13,heldout_candidate,DEFER,,,,,,,,,,,,,,,pending,
ON2_S_084,E1,SF13,heldout_candidate,INTERRUPT,REPLAN,,,,,,,,,,,,,,pending,
ON2_S_085,E1,SF13,heldout_candidate,DEFER,,,,,,,,,,,,,,,pending,
ON2_S_086,E1,SF11,development,INTERRUPT,HANDLE,,,,,,,,,,,,,,pending,
ON2_S_087,E1,SF11,development,IGNORE,,,,,,,,,,,,,,,pending,
ON2_S_088,E1,SF11,development,DEFER,,,,,,,,,,,,,,,pending,
ON2_S_089,E1,SF11,development,INTERRUPT,TERMINATE,,,,,,,,,,,,,,pending,
ON2_S_090,E1,SF11,development,DEFER,,,,,,,,,,,,,,,pending,
ON2_S_091,E1,SF14,development,INTERRUPT,HANDLE,,,,,,,,,,,,,,pending,
ON2_S_092,E1,SF14,development,IGNORE,,,,,,,,,,,,,,,pending,
ON2_S_093,E1,SF14,development,DEFER,,,,,,,,,,,,,,,pending,
ON2_S_094,E1,SF14,development,INTERRUPT,REPLAN,,,,,,,,,,,,,,pending,
ON2_S_095,E1,SF14,development,DEFER,,,,,,,,,,,,,,,pending,
ON2_S_096,E1,SF15,development,INTERRUPT,HANDLE,,,,,,,,,,,,,,pending,
ON2_S_097,E1,SF15,development,IGNORE,,,,,,,,,,,,,,,pending,
ON2_S_098,E1,SF15,development,DEFER,,,,,,,,,,,,,,,pending,
ON2_S_099,E1,SF15,development,INTERRUPT,TERMINATE,,,,,,,,,,,,,,pending,
ON2_S_100,E1,SF15,development,DEFER,,,,,,,,,,,,,,,pending,
ON2_G_01_A,E1,SF01,heldout_candidate,INTERRUPT,HANDLE,,,,,,,,,,,,,,pending,
ON2_G_01_B,E1,SF01,heldout_candidate,IGNORE,,,,,,,,,,,,,,,pending,
ON2_T_01_A,E1,SF01,heldout_candidate,INTERRUPT,HANDLE,,,,,,,,,,,,,,pending,
ON2_T_01_B,E1,SF01,heldout_candidate,IGNORE,,,,,,,,,,,,,,,pending,
ON2_P_01_1,E1,SF01,heldout_candidate,IGNORE,,,,,,,,,,,,,,,pending,
ON2_P_01_2,E1,SF01,heldout_candidate,IGNORE,,,,,,,,,,,,,,,pending,
ON2_P_01_3,E1,SF01,heldout_candidate,IGNORE,,,,,,,,,,,,,,,pending,
ON2_G_02_A,E1,SF02,development,INTERRUPT,HANDLE,,,,,,,,,,,,,,pending,
ON2_G_02_B,E1,SF02,development,IGNORE,,,,,,,,,,,,,,,pending,
ON2_T_02_A,E1,SF02,development,INTERRUPT,HANDLE,,,,,,,,,,,,,,pending,
ON2_T_02_B,E1,SF02,development,IGNORE,,,,,,,,,,,,,,,pending,
ON2_P_02_1,E1,SF02,development,IGNORE,,,,,,,,,,,,,,,pending,
ON2_P_02_2,E1,SF02,development,IGNORE,,,,,,,,,,,,,,,pending,
ON2_P_02_3,E1,SF02,development,IGNORE,,,,,,,,,,,,,,,pending,
ON2_G_03_A,E1,SF03,heldout_candidate,INTERRUPT,HANDLE,,,,,,,,,,,,,,pending,
ON2_G_03_B,E1,SF03,heldout_candidate,IGNORE,,,,,,,,,,,,,,,pending,
ON2_T_03_A,E1,SF03,heldout_candidate,INTERRUPT,HANDLE,,,,,,,,,,,,,,pending,
ON2_T_03_B,E1,SF03,heldout_candidate,IGNORE,,,,,,,,,,,,,,,pending,
ON2_P_03_1,E1,SF03,heldout_candidate,IGNORE,,,,,,,,,,,,,,,pending,
ON2_P_03_2,E1,SF03,heldout_candidate,IGNORE,,,,,,,,,,,,,,,pending,
ON2_P_03_3,E1,SF03,heldout_candidate,IGNORE,,,,,,,,,,,,,,,pending,
ON2_G_04_A,E1,SF04,development,INTERRUPT,HANDLE,,,,,,,,,,,,,,pending,
ON2_G_04_B,E1,SF04,development,IGNORE,,,,,,,,,,,,,,,pending,
ON2_T_04_A,E1,SF04,development,INTERRUPT,HANDLE,,,,,,,,,,,,,,pending,
ON2_T_04_B,E1,SF04,development,IGNORE,,,,,,,,,,,,,,,pending,
ON2_P_04_1,E1,SF04,development,DEFER,,,,,,,,,,,,,,,pending,
ON2_P_04_2,E1,SF04,development,DEFER,,,,,,,,,,,,,,,pending,
ON2_P_04_3,E1,SF04,development,DEFER,,,,,,,,,,,,,,,pending,
ON2_G_05_A,E1,SF05,heldout_candidate,INTERRUPT,HANDLE,,,,,,,,,,,,,,pending,
ON2_G_05_B,E1,SF05,heldout_candidate,IGNORE,,,,,,,,,,,,,,,pending,
ON2_T_05_A,E1,SF05,heldout_candidate,INTERRUPT,HANDLE,,,,,,,,,,,,,,pending,
ON2_T_05_B,E1,SF05,heldout_candidate,IGNORE,,,,,,,,,,,,,,,pending,
ON2_P_05_1,E1,SF05,heldout_candidate,DEFER,,,,,,,,,,,,,,,pending,
ON2_P_05_2,E1,SF05,heldout_candidate,DEFER,,,,,,,,,,,,,,,pending,
ON2_P_05_3,E1,SF05,heldout_candidate,DEFER,,,,,,,,,,,,,,,pending,
ON2_G_06_A,E1,SF06,development,INTERRUPT,HANDLE,,,,,,,,,,,,,,pending,
ON2_G_06_B,E1,SF06,development,DEFER,,,,,,,,,,,,,,,pending,
ON2_T_06_A,E1,SF06,development,INTERRUPT,HANDLE,,,,,,,,,,,,,,pending,
ON2_T_06_B,E1,SF06,development,IGNORE,,,,,,,,,,,,,,,pending,
ON2_P_06_1,E1,SF06,development,DEFER,,,,,,,,,,,,,,,pending,
ON2_P_06_2,E1,SF06,development,DEFER,,,,,,,,,,,,,,,pending,
ON2_P_06_3,E1,SF06,development,DEFER,,,,,,,,,,,,,,,pending,
ON2_G_07_A,E1,SF06,development,INTERRUPT,HANDLE,,,,,,,,,,,,,,pending,
ON2_G_07_B,E1,SF06,development,DEFER,,,,,,,,,,,,,,,pending,
ON2_T_07_A,E1,SF06,development,INTERRUPT,HANDLE,,,,,,,,,,,,,,pending,
ON2_T_07_B,E1,SF06,development,IGNORE,,,,,,,,,,,,,,,pending,
ON2_P_07_1,E1,SF06,development,INTERRUPT,HANDLE,,,,,,,,,,,,,,pending,
ON2_P_07_2,E1,SF06,development,INTERRUPT,HANDLE,,,,,,,,,,,,,,pending,
ON2_P_07_3,E1,SF06,development,INTERRUPT,HANDLE,,,,,,,,,,,,,,pending,
ON2_G_08_A,E1,SF07,heldout_candidate,INTERRUPT,HANDLE,,,,,,,,,,,,,,pending,
ON2_G_08_B,E1,SF07,heldout_candidate,DEFER,,,,,,,,,,,,,,,pending,
ON2_T_08_A,E1,SF07,heldout_candidate,INTERRUPT,HANDLE,,,,,,,,,,,,,,pending,
ON2_T_08_B,E1,SF07,heldout_candidate,IGNORE,,,,,,,,,,,,,,,pending,
ON2_P_08_1,E1,SF07,heldout_candidate,INTERRUPT,HANDLE,,,,,,,,,,,,,,pending,
ON2_P_08_2,E1,SF07,heldout_candidate,INTERRUPT,HANDLE,,,,,,,,,,,,,,pending,
ON2_P_08_3,E1,SF07,heldout_candidate,INTERRUPT,HANDLE,,,,,,,,,,,,,,pending,
ON2_G_09_A,E1,SF06,development,INTERRUPT,HANDLE,,,,,,,,,,,,,,pending,
ON2_G_09_B,E1,SF06,development,DEFER,,,,,,,,,,,,,,,pending,
ON2_T_09_A,E1,SF06,development,INTERRUPT,HANDLE,,,,,,,,,,,,,,pending,
ON2_T_09_B,E1,SF06,development,IGNORE,,,,,,,,,,,,,,,pending,
ON2_P_09_1,E1,SF06,development,INTERRUPT,REPLAN,,,,,,,,,,,,,,pending,
ON2_P_09_2,E1,SF06,development,INTERRUPT,REPLAN,,,,,,,,,,,,,,pending,
ON2_P_09_3,E1,SF06,development,INTERRUPT,REPLAN,,,,,,,,,,,,,,pending,
ON2_G_10_A,E1,SF07,heldout_candidate,INTERRUPT,HANDLE,,,,,,,,,,,,,,pending,
ON2_G_10_B,E1,SF07,heldout_candidate,DEFER,,,,,,,,,,,,,,,pending,
ON2_T_10_A,E1,SF07,heldout_candidate,INTERRUPT,HANDLE,,,,,,,,,,,,,,pending,
ON2_T_10_B,E1,SF07,heldout_candidate,IGNORE,,,,,,,,,,,,,,,pending,
ON2_P_10_1,E1,SF07,heldout_candidate,INTERRUPT,TERMINATE,,,,,,,,,,,,,,pending,
ON2_P_10_2,E1,SF07,heldout_candidate,INTERRUPT,TERMINATE,,,,,,,,,,,,,,pending,
ON2_P_10_3,E1,SF07,heldout_candidate,INTERRUPT,TERMINATE,,,,,,,,,,,,,,pending,
ON2_M_01,E2,SF01,heldout_candidate,DEFER,,,,,,,,,,,,,,,pending,
ON2_M_01,E3,SF01,heldout_candidate,IGNORE,,,,,,,,,,,,,,,pending,
ON2_M_01,E1,SF01,heldout_candidate,INTERRUPT,HANDLE,,,,,,,,,,,,,,pending,
ON2_M_02,E2,SF02,development,DEFER,,,,,,,,,,,,,,,pending,
ON2_M_02,E1,SF02,development,INTERRUPT,HANDLE,,,,,,,,,,,,,,pending,
ON2_M_02,E3,SF02,development,IGNORE,,,,,,,,,,,,,,,pending,
ON2_M_03,E1,SF03,heldout_candidate,IGNORE,,,,,,,,,,,,,,,pending,
ON2_M_03,E3,SF03,heldout_candidate,INTERRUPT,HANDLE,,,,,,,,,,,,,,pending,
ON2_M_03,E2,SF03,heldout_candidate,DEFER,,,,,,,,,,,,,,,pending,
ON2_M_04,E2,SF04,development,INTERRUPT,HANDLE,,,,,,,,,,,,,,pending,
ON2_M_04,E3,SF04,development,DEFER,,,,,,,,,,,,,,,pending,
ON2_M_04,E1,SF04,development,IGNORE,,,,,,,,,,,,,,,pending,
ON2_M_05,E2,SF05,heldout_candidate,DEFER,,,,,,,,,,,,,,,pending,
ON2_M_05,E3,SF05,heldout_candidate,IGNORE,,,,,,,,,,,,,,,pending,
ON2_M_05,E1,SF05,heldout_candidate,INTERRUPT,HANDLE,,,,,,,,,,,,,,pending,
ON2_M_06,E1,SF06,development,INTERRUPT,HANDLE,,,,,,,,,,,,,,pending,
ON2_M_06,E2,SF06,development,DEFER,,,,,,,,,,,,,,,pending,
ON2_M_06,E3,SF06,development,IGNORE,,,,,,,,,,,,,,,pending,
ON2_M_07,E1,SF06,development,DEFER,,,,,,,,,,,,,,,pending,
ON2_M_07,E3,SF06,development,INTERRUPT,HANDLE,,,,,,,,,,,,,,pending,
ON2_M_07,E2,SF06,development,IGNORE,,,,,,,,,,,,,,,pending,
ON2_M_08,E2,SF07,heldout_candidate,INTERRUPT,HANDLE,,,,,,,,,,,,,,pending,
ON2_M_08,E3,SF07,heldout_candidate,DEFER,,,,,,,,,,,,,,,pending,
ON2_M_08,E1,SF07,heldout_candidate,IGNORE,,,,,,,,,,,,,,,pending,
ON2_M_09,E2,SF06,development,INTERRUPT,HANDLE,,,,,,,,,,,,,,pending,
ON2_M_09,E1,SF06,development,IGNORE,,,,,,,,,,,,,,,pending,
ON2_M_09,E3,SF06,development,DEFER,,,,,,,,,,,,,,,pending,
ON2_M_10,E3,SF07,heldout_candidate,DEFER,,,,,,,,,,,,,,,pending,
ON2_M_10,E1,SF07,heldout_candidate,INTERRUPT,HANDLE,,,,,,,,,,,,,,pending,
ON2_M_10,E2,SF07,heldout_candidate,IGNORE,,,,,,,,,,,,,,,pending,
ON2_M_11,E1,SF08,development,DEFER,,,,,,,,,,,,,,,pending,
ON2_M_11,E3,SF08,development,IGNORE,,,,,,,,,,,,,,,pending,
ON2_M_11,E4,SF08,development,INTERRUPT,HANDLE,,,,,,,,,,,,,,pending,
ON2_M_11,E2,SF08,development,INTERRUPT,REPLAN,,,,,,,,,,,,,,pending,
ON2_M_12,E4,SF09,development,INTERRUPT,HANDLE,,,,,,,,,,,,,,pending,
ON2_M_12,E2,SF09,development,INTERRUPT,REPLAN,,,,,,,,,,,,,,pending,
ON2_M_12,E3,SF09,development,IGNORE,,,,,,,,,,,,,,,pending,
ON2_M_12,E1,SF09,development,DEFER,,,,,,,,,,,,,,,pending,
ON2_M_13,E2,SF10,development,DEFER,,,,,,,,,,,,,,,pending,
ON2_M_13,E1,SF10,development,INTERRUPT,REPLAN,,,,,,,,,,,,,,pending,
ON2_M_13,E4,SF10,development,IGNORE,,,,,,,,,,,,,,,pending,
ON2_M_13,E3,SF10,development,INTERRUPT,HANDLE,,,,,,,,,,,,,,pending,
ON2_M_14,E3,SF05,heldout_candidate,DEFER,,,,,,,,,,,,,,,pending,
ON2_M_14,E1,SF05,heldout_candidate,INTERRUPT,HANDLE,,,,,,,,,,,,,,pending,
ON2_M_14,E2,SF05,heldout_candidate,IGNORE,,,,,,,,,,,,,,,pending,
ON2_M_14,E4,SF05,heldout_candidate,INTERRUPT,REPLAN,,,,,,,,,,,,,,pending,
ON2_M_15,E3,SF11,development,INTERRUPT,HANDLE,,,,,,,,,,,,,,pending,
ON2_M_15,E1,SF11,development,INTERRUPT,REPLAN,,,,,,,,,,,,,,pending,
ON2_M_15,E4,SF11,development,DEFER,,,,,,,,,,,,,,,pending,
ON2_M_15,E2,SF11,development,IGNORE,,,,,,,,,,,,,,,pending,
ON2_M_16,E2,SF12,heldout_candidate,IGNORE,,,,,,,,,,,,,,,pending,
ON2_M_16,E1,SF12,heldout_candidate,INTERRUPT,HANDLE,,,,,,,,,,,,,,pending,
ON2_M_16,E4,SF12,heldout_candidate,INTERRUPT,REPLAN,,,,,,,,,,,,,,pending,
ON2_M_16,E3,SF12,heldout_candidate,DEFER,,,,,,,,,,,,,,,pending,
ON2_M_17,E3,SF13,heldout_candidate,DEFER,,,,,,,,,,,,,,,pending,
ON2_M_17,E2,SF13,heldout_candidate,IGNORE,,,,,,,,,,,,,,,pending,
ON2_M_17,E4,SF13,heldout_candidate,INTERRUPT,HANDLE,,,,,,,,,,,,,,pending,
ON2_M_17,E1,SF13,heldout_candidate,INTERRUPT,REPLAN,,,,,,,,,,,,,,pending,
ON2_M_18,E2,SF11,development,IGNORE,,,,,,,,,,,,,,,pending,
ON2_M_18,E4,SF11,development,INTERRUPT,HANDLE,,,,,,,,,,,,,,pending,
ON2_M_18,E3,SF11,development,DEFER,,,,,,,,,,,,,,,pending,
ON2_M_18,E1,SF11,development,INTERRUPT,REPLAN,,,,,,,,,,,,,,pending,
ON2_M_19,E1,SF14,development,INTERRUPT,REPLAN,,,,,,,,,,,,,,pending,
ON2_M_19,E4,SF14,development,IGNORE,,,,,,,,,,,,,,,pending,
ON2_M_19,E2,SF14,development,INTERRUPT,HANDLE,,,,,,,,,,,,,,pending,
ON2_M_19,E3,SF14,development,DEFER,,,,,,,,,,,,,,,pending,
ON2_M_20,E4,SF15,development,IGNORE,,,,,,,,,,,,,,,pending,
ON2_M_20,E2,SF15,development,INTERRUPT,HANDLE,,,,,,,,,,,,,,pending,
ON2_M_20,E3,SF15,development,INTERRUPT,REPLAN,,,,,,,,,,,,,,pending,
ON2_M_20,E1,SF15,development,DEFER,,,,,,,,,,,,,,,pending,
